index,artist,artist_id,name,id,url,album_name,album_id,release_date,duration_ms,explicit,popularity,added_at
0,Thaman S,2FgHPfRprDaylrSRVf1UlN,Ninnila,2DDOQBKGmkv7bPoYF1bELz,https://open.spotify.com/track/2DDOQBKGmkv7bPoYF1bELz,Tholi Prema,2wRphkgnlcGKkJIjZpxNvb,2020-01-20,234883,False,60,2025-09-20T12:11:54Z
1,Rahul Nambiar,5a2WF7juQ5oilpZCqikRtP,Silakaaa,4bZzxStIsy6VJqhrS1rXvN,https://open.spotify.com/track/4bZzxStIsy6VJqhrS1rXvN,Mirapakay,7jsaQdNi0QERa22Wm7NVq7,2010-12-06,277330,False,55,2025-09-20T12:11:53Z
2,Singer Prabha,273F9W74IJfwAFlpeJBSmo,Market Pilla,1RbEEgRgonoB7aavnUrF34,https://open.spotify.com/track/1RbEEgRgonoB7aavnUrF34,Market Pilla,18JU1ErBlfmZkv2jGUhn2x,2025-09-11,236689,False,34,2025-09-20T12:11:51Z
3,Shankar Mahadevan,1SJOL9HJ08YOn92lFcYf8a,"Akhanda - Title Song (From ""Akhanda"")",1xTxKdIpD2QDTBAMvBNr7J,https://open.spotify.com/track/1xTxKdIpD2QDTBAMvBNr7J,"Akhanda - Title Song (From ""Akhanda"")",1o06U1v1fjOYGWWCA0sSvn,2021-11-08,284138,False,35,2025-09-20T12:11:50Z
4,Anirudh Ravichander,4zCH9qm4R2DADamUHMCa6O,Manasilaayo,3CA9CjRf7IU2Ukz3GuYInP,https://open.spotify.com/track/3CA9CjRf7IU2Ukz3GuYInP,Vettaiyan (Original Motion Picture Soundtrack),6Xw7XAQQwpsy9KfUnJTrHz,2024-10-14,235629,False,68,2025-09-20T12:11:48Z
5,Thaman S,2FgHPfRprDaylrSRVf1UlN,"Dum Masala (From ""Guntur Kaaram"")(Telugu)",3yNhGgQMPOdqVFpjRu8k8x,https://open.spotify.com/track/3yNhGgQMPOdqVFpjRu8k8x,"Dum Masala (From ""Guntur Kaaram"")(Telugu)",2JTcQYxkWCph2DFYHljgnS,2023-11-07,206830,False,52,2025-09-20T12:11:44Z
6,"Deepak, M.M.Manasi",0OUgBuXhdf26tHytZARK27,Cheliya Cheliya,7sqWGfd0hHuPCf2MHhC2jv,https://open.spotify.com/track/7sqWGfd0hHuPCf2MHhC2jv,Beeruva,1UK8Lf8lsHWQ0it8FNQaLT,2014-12-24,274065,False,31,2025-09-20T12:11:43Z
7,JERRY,1mUl05hT77FrwVFW51wOlr,College Dropout,6yorRPLJMAobxSoZlX2n4x,https://open.spotify.com/track/6yorRPLJMAobxSoZlX2n4x,The College Dropout,06um4lMf63KYf6nj8p4MO8,2025-07-03,169999,False,61,2025-09-20T12:11:41Z
8,KK,4fEkbug6kZzzJ8eYX6Kbbp,Feel My Love,4EjO3ELtQkbOBox5adad6a,https://open.spotify.com/track/4EjO3ELtQkbOBox5adad6a,Aarya,48qWtimyagRy7spCbIdnfl,2004-04-19,299893,False,57,2025-09-20T12:05:37Z
9,Karthik,0LSPREIgGMZXCuKVel7LVD,Arare Arare,4siD8OfWU2SrxAam41kgpJ,https://open.spotify.com/track/4siD8OfWU2SrxAam41kgpJ,Happy Days,3zwlmA5XSHN0ovt9Y0Vkjk,2010-04-13,299333,False,53,2025-09-20T12:05:34Z
10,A.R. Rahman,1mYsTxnqsietFxj1OgoGbG,Ee Hridayam,7wFL4hNlhotHNU6qZi9bHR,https://open.spotify.com/track/7wFL4hNlhotHNU6qZi9bHR,Yemaaya Chesave (Original Motion Picture Soundtrack),7n61GzJSBuZGrm8U1V9TLd,2010-01-29,329320,False,58,2025-09-20T12:05:32Z
11,Mani Sharma,3AMxH9QIPZbK8ND8C9j4Ss,Sada Siva,7sB18S2Ae8Aye4n9s9LZNj,https://open.spotify.com/track/7sB18S2Ae8Aye4n9s9LZNj,Khaleja (Original Motion Picture Soundtrack),6U1ZDp9cdKJrgJfoXdrkCu,2010-09-26,267600,False,56,2025-09-20T12:05:30Z
12,Vishwa,7ozuTyhWJTW9vMrRYijNuR,Adaraku,0qE6js14elCkx2OZfqGeiu,https://open.spotify.com/track/0qE6js14elCkx2OZfqGeiu,Athadu,2ODDu4Ubmth52DOQTWkiPb,2005-10-10,296969,False,48,2025-09-20T12:05:29Z
13,Naveen,4xbLzGsR7W5QMlLS08BNGt,Kailove Chedugudu,6XbkcFDeIoyIOe2HWoAxBh,https://open.spotify.com/track/6XbkcFDeIoyIOe2HWoAxBh,Sakhi,0x25Nwzk4BVwlUaZq5Hczu,2000-12-31,278306,False,59,2025-09-20T12:05:27Z
14,S. P. Balasubrahmanyam,2ae6PxICSOZHvjqiCcgon8,Kastha Ninu,4FdvUyjlRRN2wT7NZhJE0F,https://open.spotify.com/track/4FdvUyjlRRN2wT7NZhJE0F,Student No.1,5noZVPycEJvBujgkE4swsJ,2001-09-27,279848,False,50,2025-09-20T12:05:26Z
15,Karthik,0LSPREIgGMZXCuKVel7LVD,Choododhu,1QtFtMgfd7brff3mAGuWg8,https://open.spotify.com/track/1QtFtMgfd7brff3mAGuWg8,Pokiri,4CO4EDT6CLK1TC6n4yJNUX,2006-04-08,302413,False,58,2025-09-20T12:05:23Z
16,Sukhwinder Singh,19MVxKZZdPj2X0F8pi0OCT,Rama Chakkanodamma,2OEtaEIL01TgCna7qfaxXh,https://open.spotify.com/track/2OEtaEIL01TgCna7qfaxXh,Rajakumarudu,6PRr08jyfxlpdnW9kNV8Co,1999,338141,False,51,2025-09-20T12:05:22Z
17,Hariharan,2NoJ7NuNs9nyj8Thoh1kbu,Neelo Jarige,1uHbPQSFmkEFZRVdJAl8Mp,https://open.spotify.com/track/1uHbPQSFmkEFZRVdJAl8Mp,Balu,4NK8IntrUbxtrNfKkJJEPh,2004-11-30,355046,False,57,2025-09-20T12:05:21Z
18,Karthik,0LSPREIgGMZXCuKVel7LVD,Maha Muddu,63cdUH7934Y3Glreb3uSzE,https://open.spotify.com/track/63cdUH7934Y3Glreb3uSzE,Jai Chiranjeeva,6uV1evSlrDgDHcPruEUR4O,2005-11-12,305466,False,55,2025-09-20T12:05:19Z
19,Bo Burnham,2Waw2sSbqvAwK8NwACNjVo,Bezos I,0Kdj7nwaYQmvhxnqZaIQuW,https://open.spotify.com/track/0Kdj7nwaYQmvhxnqZaIQuW,Inside (The Songs),1e5OlE0EY5fucq6GIU1xi3,2021-06-10,58149,True,0,2025-09-20T12:05:03Z
20,Ellie Goulding,0X2BH1fck6amBIoJhDVmmJ,Burn,2GgxS8bUT5G25QJTsfSv0R,https://open.spotify.com/track/2GgxS8bUT5G25QJTsfSv0R,Halcyon Days,2Dw4fYqDQnxsgoXDdMbqh3,2014-01-01,231211,False,63,2025-09-20T12:04:54Z
21,Sia,5WUlDfRSoLAfcVSX1WnrxN,The Greatest (feat. Kendrick Lamar),7xHWNBFm6ObGEQPaUxHuKO,https://open.spotify.com/track/7xHWNBFm6ObGEQPaUxHuKO,This Is Acting (Deluxe Version),2eV6DIPDnGl1idcjww6xyX,2016-10-21,210226,False,65,2025-09-20T12:04:52Z
22,Demi Lovato,6S2OmqARrzebs0tKUEyXyp,Warrior,7nCBOm2WiTUPAx3TeG2rZA,https://open.spotify.com/track/7nCBOm2WiTUPAx3TeG2rZA,Demi,6Kssm2LosQ0WyLukFZkEG5,2013-01-01,231173,False,53,2025-09-20T12:04:51Z
23,Joel Adams,36jaGQtMj5UWD0eO1fCVdD,Please Don't Go,3cNjgVBKTJ1SvKhunrCdVy,https://open.spotify.com/track/3cNjgVBKTJ1SvKhunrCdVy,Please Don't Go,2SF8Wbc61u8hlQkZYGVCnx,2015-11-06,210580,False,63,2025-09-20T12:04:49Z
24,gnash,3iri9nBFs9e4wN7PLIetAw,"i hate u, i love u (feat. olivia o'brien)",7vRriwrloYVaoAe3a9wJHe,https://open.spotify.com/track/7vRriwrloYVaoAe3a9wJHe,us,3L0H4RjVXpEkwfDgi3XOdf,2016-03-25,251033,True,73,2025-09-20T12:04:47Z
25,ElyOtto,4b19vuzlDcNdU4quI7L6sW,SugarCrash!,2ePtv8MlBO9nuuXABqAfEX,https://open.spotify.com/track/2ePtv8MlBO9nuuXABqAfEX,SugarCrash!,064pDjy5L2sQn0XLJj2wWx,2020-08-25,80080,True,67,2025-09-20T12:04:44Z
26,Alex & Sierra,58MLl9nC29IXbE4nEtuoP2,Little Do You Know,1almCHdsfikRPfVB9VrEdT,https://open.spotify.com/track/1almCHdsfikRPfVB9VrEdT,It's About Us,3Yk19X5zgXDSrG8uqrPnXC,2014-10-06,185200,False,69,2025-09-20T12:04:43Z
27,Martin Garrix,60d24wfXkVzDSfLS6hyCjZ,In the Name of Love,23L5CiUhw2jV1OIMwthR3S,https://open.spotify.com/track/23L5CiUhw2jV1OIMwthR3S,In the Name of Love,1FOJ5IXGXe8dl0cXvCU6wK,2016-07-29,195706,False,78,2025-09-20T12:04:41Z
28,Shawn Mendes,7n2wHs1TKAczGzO7Dd2rGr,Treat You Better,3QGsuHI8jO1Rx4JWLUh9jd,https://open.spotify.com/track/3QGsuHI8jO1Rx4JWLUh9jd,Illuminate,1ne2D0NxoGyZd31gAM4HNd,2017-04-20,187973,False,85,2025-09-20T12:04:39Z
29,Taylor Swift,06HL4z0CvFAxyc27GXpf02,Blank Space,1u8c2t2Cy7UBoG4ArRcF5g,https://open.spotify.com/track/1u8c2t2Cy7UBoG4ArRcF5g,1989 (Deluxe),1yGbNOtRIgdIiGHOEBaZWf,2014-01-01,231826,False,83,2025-09-20T12:04:37Z
30,Bridgit Mendler,4VhL8KLjVso4vLfOLVViTb,Ready or Not,5xvUgoVED1F4mBu8FL0HaW,https://open.spotify.com/track/5xvUgoVED1F4mBu8FL0HaW,Hello My Name Is...,114sumrk5wTeMWHVin86QC,2012-01-01,200946,False,69,2025-09-20T12:04:36Z
31,Post Malone,246dkjvS1zLTtiykXe5h60,Better Now,7dt6x5M1jzdTEt8oCbisTK,https://open.spotify.com/track/7dt6x5M1jzdTEt8oCbisTK,beerbongs & bentleys,6trNtQUgC8cgbWcqoMYkOR,2018-04-27,231266,True,79,2025-09-20T12:04:35Z
32,Camila Cabello,4nDoRrQiYLoBzwC5BhVJzF,Don't Go Yet,1058fW9H3fZA6QjYCdOBad,https://open.spotify.com/track/1058fW9H3fZA6QjYCdOBad,Don't Go Yet,4gxhWdfO9qAogokjIc2bPZ,2021-07-23,164842,False,66,2025-09-20T12:04:33Z
33,Meghan Trainor,6JL8zeS1NmiOftqZTRgdTz,NO,0l0CvurVUrr2w3Jj1hOVFc,https://open.spotify.com/track/0l0CvurVUrr2w3Jj1hOVFc,Thank You (Deluxe Version),08eweM0IZoZPCCxODbrMoL,2017-05-12,213506,False,78,2025-09-20T12:04:31Z
34,Nightcore Dreams,0lPqRRcwqLwi9ODLGDu5sA,Armor,7gmHi5czs1e2nEJBSwwH1Y,https://open.spotify.com/track/7gmHi5czs1e2nEJBSwwH1Y,Armor,11gfAxijQOUGJNUlCwV20Z,2017-07-19,184058,False,39,2025-09-20T12:04:28Z
35,Selena Gomez & The Scene,6dJeKm76NjfXBNTpHmOhfO,My Dilemma,5g3TKEDNVOviIisycRgo4H,https://open.spotify.com/track/5g3TKEDNVOviIisycRgo4H,When The Sun Goes Down,49yHvRh1cOfLcEKukEP7Ox,2011-01-01,189853,False,49,2025-09-20T12:04:26Z
36,Taylor Swift,06HL4z0CvFAxyc27GXpf02,Look What You Made Me Do,1P17dC1amhFzptugyAO7Il,https://open.spotify.com/track/1P17dC1amhFzptugyAO7Il,reputation,6DEjYFkNZh67HP7R9PSZvv,2017-11-10,211853,False,79,2025-09-20T12:04:25Z
37,Taylor Swift,06HL4z0CvFAxyc27GXpf02,Love Story,1D4PL9B8gOg78jiHg3FvBb,https://open.spotify.com/track/1D4PL9B8gOg78jiHg3FvBb,Fearless (Big Machine Radio Release Special),3EzFY9Rg0PpbADMth746zi,2008-11-11,236266,False,76,2025-09-20T12:04:24Z
38,Clean Bandit,6MDME20pz9RveH9rEXvrOM,Rockabye (feat. Sean Paul & Anne-Marie),3fvY2U1AzW0diYF0hnBbKt,https://open.spotify.com/track/3fvY2U1AzW0diYF0hnBbKt,Speak Your Mind (Deluxe),7lPoGKpCGgdKFAxpudhAH5,2018-04-27,250456,False,63,2025-09-20T12:04:22Z
39,Taylor Swift,06HL4z0CvFAxyc27GXpf02,Bad Blood,0TvQLMecTE8utzoNmvXRbK,https://open.spotify.com/track/0TvQLMecTE8utzoNmvXRbK,1989,5fy0X0JmZRZnVa2UEicIOl,2014-01-01,211933,False,73,2025-09-20T12:04:20Z
40,Trinidad Cardona,4wP1kxjUsc9IR4Iy2smL7o,Dinero,3ggtU1ZOKO8ZNiqPNyXGcm,https://open.spotify.com/track/3ggtU1ZOKO8ZNiqPNyXGcm,Dinero,6FfydthOJNOSCM8BeSqKh3,2018-02-02,160880,True,67,2025-09-20T12:04:18Z
41,Kali Uchis,1U1el3k54VvEUzo3ybLPlM,telepatía,6tDDoYIxWvMLTdKpjFkc1B,https://open.spotify.com/track/6tDDoYIxWvMLTdKpjFkc1B,Sin Miedo (del Amor y Otros Demonios) ∞,00wSTrFxoSzA7eeS1UxHgd,2020-12-04,160191,False,82,2025-09-20T12:04:17Z
42,Bebe Rexha,64M6ah0SkkRsnPGtGiRAbb,Last Hurrah,0i0wnv9UoFdZ5MfuFGQzMy,https://open.spotify.com/track/0i0wnv9UoFdZ5MfuFGQzMy,Last Hurrah,5ljc69MQ6iwGcJ4SmHaAh5,2019-02-15,150333,False,57,2025-09-20T12:04:16Z
43,Duncan Laurence,3klZnJvYGIbWritVwQD434,Arcade,1Xi84slp6FryDSCbzq4UCD,https://open.spotify.com/track/1Xi84slp6FryDSCbzq4UCD,Arcade,7BISGeB7QwhqRIadxuLHfG,2019-03-07,183624,False,74,2025-09-20T12:04:14Z
44,Bella Poarch,26cMerAxjx9GedFt0lMDjm,Build a Bitch,7BoobGhD4x5K96Me0hqC8Q,https://open.spotify.com/track/7BoobGhD4x5K96Me0hqC8Q,Build a Bitch,5YKqfiQdPYWJ0kZ5pttY5o,2021-05-14,122772,True,68,2025-09-20T12:04:12Z
45,Sean Paul,3Isy6kedDrgPYoTS1dazA9,No Lie,48QmG1dfvMuYLxMPt7KSRA,https://open.spotify.com/track/48QmG1dfvMuYLxMPt7KSRA,Mad Love The Prequel,5xrOcCoO3jkXRjHQjfESM6,2018-06-29,221176,False,83,2025-09-20T12:04:10Z
46,Leyla Blue,6HpIVA13SPof8sYuXRUfxj,What A Shame,7FGIEAVXfegxngH9Jg6VwA,https://open.spotify.com/track/7FGIEAVXfegxngH9Jg6VwA,What A Shame,6CDPh3OAeHXOtZlyuaxELX,2020-12-09,177200,True,58,2025-09-20T12:04:06Z
47,The Vamps,7gAppWoH7pcYmphCVTXkzs,Somebody To You,6VrLYoQKdhu1Jruei06t65,https://open.spotify.com/track/6VrLYoQKdhu1Jruei06t65,Meet The Vamps,12gXA8pXYzj9bycyyKSGAa,2014-01-01,185097,False,70,2025-09-20T12:04:05Z
48,Olivia Rodrigo,1McMsnEElThX1knmY4oliG,good 4 u,4ZtFanR9U6ndgddUvNcjcG,https://open.spotify.com/track/4ZtFanR9U6ndgddUvNcjcG,SOUR,6s84u2TUpR3wdUv4NgKA2j,2021-05-21,178146,True,81,2025-09-20T12:03:52Z
49,Madilyn Bailey,0NxhAEPOSeCg6vypFr7yjU,I Need Your Love,62usIcDxqFIQ7x5qN91hrN,https://open.spotify.com/track/62usIcDxqFIQ7x5qN91hrN,"The Covers, Vol. 6",3UeQky60klTQg4svlsc0yT,2013-09-13,199797,False,0,2025-09-20T12:03:51Z
50,Johnny Orlando,6aX6KqXgEcARRHwvWxHcFW,What If (I Told You I Like You),4v7DgEMw6EvYyuQ4eWFD9l,https://open.spotify.com/track/4v7DgEMw6EvYyuQ4eWFD9l,What If (I Told You I Like You),2zXKlf81VmDHIMtQe3oD0r,2018-05-18,219186,False,62,2025-09-20T12:03:50Z
51,Camila Cabello,4nDoRrQiYLoBzwC5BhVJzF,My Oh My (feat. DaBaby),3yOlyBJuViE2YSGn3nVE1K,https://open.spotify.com/track/3yOlyBJuViE2YSGn3nVE1K,Romance,3Vsbl0diFGw8HNSjG8ue9m,2019-12-06,170746,False,73,2025-09-20T12:03:48Z
52,Melanie Martinez,63yrD80RY3RNEM2YDpUpO8,Play Date,4DpNNXFMMxQEKl7r0ykkWA,https://open.spotify.com/track/4DpNNXFMMxQEKl7r0ykkWA,Cry Baby (Deluxe Edition),5JpH5T1sCYnUyZD6TM0QaY,2015-08-14,179867,True,73,2025-09-20T12:03:46Z
53,Witt Lowry,5ghnxpW47ojtLHHyTLdxdY,Into Your Arms (feat. Ava Max),0b11D9D0hMOYCIMN3OKreM,https://open.spotify.com/track/0b11D9D0hMOYCIMN3OKreM,Into Your Arms (feat. Ava Max),0boA7GUGSxOMWwdnnTR0yI,2018-06-08,186022,True,71,2025-09-20T12:03:44Z
54,Post Malone,246dkjvS1zLTtiykXe5h60,Goodbyes (feat. Young Thug),0t3ZvGKlmYmVsDzBJAXK8C,https://open.spotify.com/track/0t3ZvGKlmYmVsDzBJAXK8C,Hollywood's Bleeding,4g1ZRSobMefqF6nelkgibi,2019-09-06,174853,True,76,2025-09-20T12:03:43Z
55,The Kid LAROI,2tIP7SsRs7vjIcLrU85W8J,WITHOUT YOU,27OeeYzk6klgBh83TSvGMA,https://open.spotify.com/track/27OeeYzk6klgBh83TSvGMA,F*CK LOVE (SAVAGE),3YjfdLdpQcVI72uKhooZst,2020-11-06,161384,True,4,2025-09-20T12:03:41Z
56,David Guetta,1Cs0zKBU1kc0i8ypK3B9ai,"Hey Mama (feat. Nicki Minaj, Bebe Rexha & Afrojack)",285HeuLxsngjFn4GGegGNm,https://open.spotify.com/track/285HeuLxsngjFn4GGegGNm,Listen,77UW17CZFyCaRLHdHeofZu,2014-11-10,192560,False,74,2025-09-20T12:03:39Z
57,Ali Gatie,4rTv3Ejc7hKMtmoBOK1B4T,It's You,5DqdesEfbRyOlSS3Tf6c29,https://open.spotify.com/track/5DqdesEfbRyOlSS3Tf6c29,YOU,63Kr9mdWxT7mB2AKgf4rCa,2019-11-08,212606,False,74,2025-09-20T12:03:38Z
58,Ellie Goulding,0X2BH1fck6amBIoJhDVmmJ,Hate Me (with Juice WRLD),6kls8cSlUyHW2BUOkDJIZE,https://open.spotify.com/track/6kls8cSlUyHW2BUOkDJIZE,Hate Me (with Juice WRLD),29FoTD5vBY3Fq1QWhbl3FM,2019-06-26,186223,False,68,2025-09-20T12:03:36Z
59,Marshmello,64KEffDW9EtZ1y2vBYgq8T,Happier,2dpaYNEQHiRxtZbfNsse99,https://open.spotify.com/track/2dpaYNEQHiRxtZbfNsse99,Happier,78EicdHZr5XBWD7llEZ1Jh,2018-08-17,214289,False,10,2025-09-20T12:03:35Z
60,Cardi B,4kYSro6naA4h99UJvo89HB,I Like It,58q2HKrzhC3ozto2nDdN4z,https://open.spotify.com/track/58q2HKrzhC3ozto2nDdN4z,Invasion of Privacy,4KdtEKjY3Gi0mKiSdy96ML,2018-04-06,253390,True,77,2025-09-20T12:03:27Z
61,David Guetta,1Cs0zKBU1kc0i8ypK3B9ai,Say My Name,0YammaEkYSeo9vQYZ1OwS6,https://open.spotify.com/track/0YammaEkYSeo9vQYZ1OwS6,7,5rbJtzuXtpIP0Ykk7ewIit,2018-09-14,198946,False,66,2025-09-20T12:03:23Z
62,Adele,4dpARuHxo51G3z768sgnrY,Send My Love (To Your New Lover),563SfWAHJs4FBZMkRN0IFN,https://open.spotify.com/track/563SfWAHJs4FBZMkRN0IFN,25,6TVfiWmo8KtflUAmkK9gGF,2015-11-20,223078,False,71,2025-09-20T12:03:22Z
63,GIVĒON,4fxd5Ee7UefO4CUXgwJ7IP,Heartbreak Anniversary,3FAJ6O0NOHQV8Mc5Ri6ENp,https://open.spotify.com/track/3FAJ6O0NOHQV8Mc5Ri6ENp,TAKE TIME,1zHR48K6XtWYm6bhrw4J6C,2020-03-27,198370,False,76,2025-09-20T12:03:20Z
64,347aidan,0bBz5bRBkExaej2HxtVfCw,Dancing in My Room,6Pgmqg15yVexuOgtzuxwoX,https://open.spotify.com/track/6Pgmqg15yVexuOgtzuxwoX,Dancing in My Room,3t1MvGhT6LU3fOIp3KMrta,2020-10-26,180138,True,64,2025-09-20T12:03:19Z
65,Ali Gatie,4rTv3Ejc7hKMtmoBOK1B4T,What If I Told You That I Love You,6USdi8uX5GNAPYziFhisHb,https://open.spotify.com/track/6USdi8uX5GNAPYziFhisHb,The Idea Of Her,5SBdHir3OHo2WZN0F3Pnbr,2021-03-26,193667,False,63,2025-09-20T12:03:18Z
66,Billie Eilish,6qqNVTkY8uBg9cP3Jd7DAH,bad guy,2Fxmhks0bxGSBdJ92vM42m,https://open.spotify.com/track/2Fxmhks0bxGSBdJ92vM42m,"WHEN WE ALL FALL ASLEEP, WHERE DO WE GO?",0S0KGZnfBGSIssfF54WSJh,2019-03-29,194087,False,81,2025-09-20T12:03:15Z
67,Jonas Brothers,7gOdHgIoIKoe4i9Tta6qdD,Sucker,22vgEDb5hykfaTwLuskFGD,https://open.spotify.com/track/22vgEDb5hykfaTwLuskFGD,Happiness Begins,1Uf67JAtkVWfdydzFFqNF2,2019-06-07,181026,False,79,2025-09-20T12:03:13Z
68,Marshmello,64KEffDW9EtZ1y2vBYgq8T,Be Kind (with Halsey),3Z8FwOEN59mRMxDCtb8N0A,https://open.spotify.com/track/3Z8FwOEN59mRMxDCtb8N0A,Be Kind (with Halsey),1eleCBhP2R8TXEDquvybwC,2020-05-01,172761,False,71,2025-09-20T12:03:12Z
69,Bebe Rexha,64M6ah0SkkRsnPGtGiRAbb,Meant to Be (feat. Florida Georgia Line),4e4fqjx0Izh4svvTef1z7e,https://open.spotify.com/track/4e4fqjx0Izh4svvTef1z7e,Expectations,4TOkZvtqNpg5UHyGxCn0mS,2018-06-22,164205,False,71,2025-09-20T12:03:10Z
70,Zedd,2qxJFvFYMEDqd7ui6kSAcq,The Middle,09IStsImFySgyp0pIQdqAc,https://open.spotify.com/track/09IStsImFySgyp0pIQdqAc,The Middle,7nEiwcUSwycvC77kZ9ub7c,2018-01-23,184732,False,78,2025-09-20T12:03:07Z
71,Ava Max,4npEfmQ6YuiwW1GpUmaq3F,Kings & Queens,7a53HqqArd4b9NF4XAmlbI,https://open.spotify.com/track/7a53HqqArd4b9NF4XAmlbI,Heaven & Hell,26c7MmQ4w8EAvVLb4jilaM,2020-09-18,162398,False,81,2025-09-20T12:03:06Z
72,Kina,4qIVPF0s71ZYW3qzhu5GkF,Can We Kiss Forever?,58wyJLv6yH1La9NIZPl3ne,https://open.spotify.com/track/58wyJLv6yH1La9NIZPl3ne,Can We Kiss Forever?,0MGcjBIFcL2qaCrgGjIGFb,2018-08-31,187931,False,71,2025-09-20T12:03:04Z
73,Dua Lipa,6M2wZ9GZgrQXHCFfjv46we,New Rules,2xJCMIJfcNYDc5iR0sAm2O,https://open.spotify.com/track/2xJCMIJfcNYDc5iR0sAm2O,Dua Lipa (Complete Edition),2wKlXxlwYDByrGY1aAUh6o,2015,209320,False,62,2025-09-20T12:03:03Z
74,Camila Cabello,4nDoRrQiYLoBzwC5BhVJzF,Liar,073ILU1C3APNRGF66VhtyA,https://open.spotify.com/track/073ILU1C3APNRGF66VhtyA,Romance,3Vsbl0diFGw8HNSjG8ue9m,2019-12-06,207038,False,63,2025-09-20T12:03:01Z
75,Doja Cat,5cj0lLjcoR7YOSnhnX0Po5,Kiss Me More (feat. SZA),748mdHapucXQri7IAO8yFK,https://open.spotify.com/track/748mdHapucXQri7IAO8yFK,Kiss Me More (feat. SZA),1OnzqJTL9bwe4kvaLxRYxt,2021-04-09,208866,True,9,2025-09-20T12:03:00Z
76,Lil Nas X,7jVv8c5Fj3E9VhNjxT4snq,MONTERO (Call Me By Your Name),67BtfxlNbhBmCDR2L2l8qd,https://open.spotify.com/track/67BtfxlNbhBmCDR2L2l8qd,MONTERO (Call Me By Your Name),2Hjcfw8zHN4dJDZJGOzLd6,2021-03-31,137875,True,69,2025-09-20T12:02:59Z
77,Dua Lipa,6M2wZ9GZgrQXHCFfjv46we,Levitating (feat. DaBaby),5nujrmhLynf4yMoMtj8AQF,https://open.spotify.com/track/5nujrmhLynf4yMoMtj8AQF,Future Nostalgia,5lKlFlReHOLShQKyRv6AL9,2020-03-27,203064,False,81,2025-09-20T12:02:58Z
78,Princess Nokia,6lay1nwbE6hTx1jivysUAL,I Like Him,68UU9oaQtMDnh6PRlW842H,https://open.spotify.com/track/68UU9oaQtMDnh6PRlW842H,Everything Sucks,6JP1xbkFnacGAvrIWW5pzF,2020-02-26,132453,True,56,2025-09-20T12:02:57Z
79,Dua Lipa,6M2wZ9GZgrQXHCFfjv46we,Break My Heart,017PF4Q3l4DBUiWoXk4OWT,https://open.spotify.com/track/017PF4Q3l4DBUiWoXk4OWT,Future Nostalgia,7fJJK56U9fHixgO0HQkhtI,2020-03-27,221820,False,76,2025-09-20T12:02:30Z
80,Dua Lipa,6M2wZ9GZgrQXHCFfjv46we,Don't Start Now,3PfIrDoz19wz7qK7tYeu62,https://open.spotify.com/track/3PfIrDoz19wz7qK7tYeu62,Future Nostalgia,7fJJK56U9fHixgO0HQkhtI,2020-03-27,183290,False,82,2025-09-20T12:02:28Z
81,The Weeknd,1Xyo4u8uXC1ZmMpatF05PJ,Blinding Lights,0VjIjW4GlUZAMYd2vXMi3b,https://open.spotify.com/track/0VjIjW4GlUZAMYd2vXMi3b,After Hours,4yP0hdKOZPNshxUOjY0cZj,2020-03-20,200040,False,89,2025-09-20T12:02:27Z
82,Cher Lloyd,4m4SfDVbF5wxrwEjDKgi4k,None Of My Business,2SPEg45ZaUFJCg9GwNmRvw,https://open.spotify.com/track/2SPEg45ZaUFJCg9GwNmRvw,None Of My Business,6Np7PYk4uftUoNc4hOKu8v,2018-10-19,184004,False,57,2025-09-20T12:02:26Z
83,Bebe Rexha,64M6ah0SkkRsnPGtGiRAbb,I'm a Mess,04ZTP5KsCypmtCmQg5tH9R,https://open.spotify.com/track/04ZTP5KsCypmtCmQg5tH9R,Expectations,4TOkZvtqNpg5UHyGxCn0mS,2018-06-22,195519,False,70,2025-09-20T12:02:25Z
84,Bazzi,4GvEc3ANtPPjt1ZJllr5Zl,Beautiful (feat. Camila Cabello),4VUwkH455At9kENOfzTqmF,https://open.spotify.com/track/4VUwkH455At9kENOfzTqmF,Beautiful (feat. Camila Cabello),6hCR3zQtRH0IgookOYt771,2018-08-02,180000,False,72,2025-09-20T12:02:22Z
85,Sia,5WUlDfRSoLAfcVSX1WnrxN,Cheap Thrills (feat. Sean Paul),378iszndTZAR4dH8kwsLC6,https://open.spotify.com/track/378iszndTZAR4dH8kwsLC6,This Is Acting,3Xz1Bcn4YP9bdqlsstMfuJ,2016-02-18,224813,False,75,2025-09-20T12:02:20Z
86,Shawn Mendes,7n2wHs1TKAczGzO7Dd2rGr,There's Nothing Holdin' Me Back,7JJmb5XwzOO8jgpou264Ml,https://open.spotify.com/track/7JJmb5XwzOO8jgpou264Ml,Illuminate (Deluxe),3wBabo4pmzsYjALMSKY7Iq,2017-04-20,199440,False,86,2025-09-20T12:02:19Z
87,Maroon 5,04gDigrS5kc9YWfZHwBETP,Memories,2b8fOow8UzyDFAE27YhOZM,https://open.spotify.com/track/2b8fOow8UzyDFAE27YhOZM,Memories,3nR9B40hYLKLcR0Eph3Goc,2019-09-20,189486,False,32,2025-09-20T12:02:17Z
88,Billie Eilish,6qqNVTkY8uBg9cP3Jd7DAH,lovely (with Khalid),0u2P5u6lvoDfwTYjAADbn4,https://open.spotify.com/track/0u2P5u6lvoDfwTYjAADbn4,lovely (with Khalid),2sBB17RXTamvj7Ncps15AK,2018-04-19,200185,False,86,2025-09-20T12:02:16Z
89,24kGoldn,6fWVd57NKTalqvmjRd2t8Z,Mood (feat. iann dior),4jPy3l0RUwlUI9T5XHBW2m,https://open.spotify.com/track/4jPy3l0RUwlUI9T5XHBW2m,El Dorado,270o30h7cAlEhBnbuSpFZq,2021-03-26,140533,True,77,2025-09-20T12:02:13Z
90,Alan Walker,7vk5e3vY1uw9plTHJAMwjN,Faded,698ItKASDavgwZ3WjaWjtz,https://open.spotify.com/track/698ItKASDavgwZ3WjaWjtz,Different World,3nzuGtN3nXARvvecier4K0,2018-12-14,212106,False,80,2025-09-20T12:02:12Z
91,Imagine Dragons,53XhwfbYqKCa1cC15pYq2q,Believer,0pqnGHJpmpxLKifKRmU6WP,https://open.spotify.com/track/0pqnGHJpmpxLKifKRmU6WP,Evolve,33pt9HBdGlAbRGBHQgsZsU,2017-06-23,204346,False,86,2025-09-20T12:02:11Z
92,Luis Fonsi,4V8Sr092TqfHkfAA5fXXqG,Despacito - Remix,1vnnXMrBeEWiRg3YCMCjQq,https://open.spotify.com/track/1vnnXMrBeEWiRg3YCMCjQq,VIDA,5C0YLr4OoRGFDaqdMQmkeH,2019-02-01,230413,False,71,2025-09-20T12:02:09Z
93,Ed Sheeran,6eUKZXaKkcviH0Ku9w2n3V,Shape of You,7qiZfU4dY1lWllzX7mPBI3,https://open.spotify.com/track/7qiZfU4dY1lWllzX7mPBI3,÷ (Deluxe),3T4tUhGYeRNVUGevb0wThu,2017-03-03,233712,False,88,2025-09-20T12:02:07Z
94,Anne-Marie,1zNqDE7qDGCsyzJwohVaoX,2002,2BgEsaKNfHUdlh97KmvFyo,https://open.spotify.com/track/2BgEsaKNfHUdlh97KmvFyo,Speak Your Mind (Deluxe),7lPoGKpCGgdKFAxpudhAH5,2018-04-27,186986,False,79,2025-09-20T12:02:06Z
95,Alec Benjamin,5IH6FPUwQTxPSXurCrcIov,Let Me Down Slowly,2qxmye6gAegTMjLKEBoR3d,https://open.spotify.com/track/2qxmye6gAegTMjLKEBoR3d,Narrated For You,6jKZplJpy21R5lHaYHHjmZ,2018-11-16,169353,False,80,2025-09-20T12:02:04Z
96,Masked Wolf,1uU7g3DNSbsu0QjSEqZtEd,Astronaut In The Ocean,0BGwAKW4u8kWOhWFflZxfl,https://open.spotify.com/track/0BGwAKW4u8kWOhWFflZxfl,Astronaut In The Ocean (International Remixes),4YtSVQwETLHiKNZXySp7Mw,2019-01-01,132780,True,54,2025-09-20T12:02:03Z
97,Trevor Daniel,7uaIm6Pw7xplS8Dy06V6pT,Falling,2rRJrJEo19S2J82BDsQ3F7,https://open.spotify.com/track/2rRJrJEo19S2J82BDsQ3F7,Nicotine,1Hy76RlNvOHe6cpih1RxXq,2020-03-26,159381,False,4,2025-09-20T12:02:02Z
98,Rajesh,6aQ5LDX0WlnyDLI8TGU0wK,Buggey Bangarama,18RUE4llLj46NIQKojerlw,https://open.spotify.com/track/18RUE4llLj46NIQKojerlw,Chandamama,2eASY2UZa4O8pdXvK9SNgC,2007-09-06,272759,False,55,2025-09-20T12:01:48Z
99,M. M. Keeravaani,12l1SqSNsg2mI2IcXpPWjR,Gundu Sudhi,5kmh1Zf0hYESmxwDI1IosB,https://open.spotify.com/track/5kmh1Zf0hYESmxwDI1IosB,Chatrapathi,5xvwlDPbWYpTSeWdBJf2oX,2005-09-25,256217,False,59,2025-09-20T12:01:47Z
100,Harini,41BeeC5hYqvtGkM79RYvN4,Andagaada,35EifGHoMZxyYVGkNRmyjJ,https://open.spotify.com/track/35EifGHoMZxyYVGkNRmyjJ,Gharshanaa,1UjRLzKzCJqmrZK9Drt6Zx,2004-06-19,320991,False,50,2025-09-20T12:01:46Z
101,Srinivas,3K9qRRRqtuxgBRLxRCxpDl,Ye Chilipi,3LYt0b1ljHUYoG5YL2WwWP,https://open.spotify.com/track/3LYt0b1ljHUYoG5YL2WwWP,Gharshanaa,1UjRLzKzCJqmrZK9Drt6Zx,2004-06-19,315001,False,61,2025-09-20T12:01:45Z
102,K. S. Chithra,2IUtwMti1OiT3lkW6RubgH,Telusuna,6yj4cTnIIBcExguYAolnEU,https://open.spotify.com/track/6yj4cTnIIBcExguYAolnEU,Sontham,1S44gpVuWkDtGBtiwEBzTO,2002-07-23,276270,False,56,2025-09-20T12:01:44Z
103,Udit Narayan,70B80Lwx2sxti0M1Ng9e8K,Bangaru Kalla,2YUKv8mlj6iLWJPluKnazS,https://open.spotify.com/track/2YUKv8mlj6iLWJPluKnazS,Murari,6kl5gAF0jqGb9iKdLVGBHr,2001-02-01,300683,False,56,2025-09-20T12:01:41Z
104,K. S. Chithra,1VF37SSW3iRYR0u2v9ItdL,Manasuna Unnadi-Female,1QYu4f0FzCxD5QEfwhlg0u,https://open.spotify.com/track/1QYu4f0FzCxD5QEfwhlg0u,Priyamainaneeku,4UMUbzXvAkLF7EVc0iGLdR,2003-09-15,305133,False,50,2025-09-20T12:01:40Z
105,Srinivas,3K9qRRRqtuxgBRLxRCxpDl,Priya,6VsVTDnlL34IG8iaXVlBWC,https://open.spotify.com/track/6VsVTDnlL34IG8iaXVlBWC,Jeans,0RBpuFPULFMbkTKhZ2M1eH,1999-10-30,332068,False,52,2025-09-20T12:01:39Z
106,K. J. Yesudas,2wPsNCwhEGb0KvChZ5DD52,Pachani Chilukalu,3YFsWxInJgwOgZ5WvfJqjL,https://open.spotify.com/track/3YFsWxInJgwOgZ5WvfJqjL,Bharateeyudu,5wbNqlJ4LukhEsQcqty9Po,1996-12-31,351600,False,44,2025-09-20T12:01:37Z
107,Shankar Mahadevan,1SJOL9HJ08YOn92lFcYf8a,Niddura Potunna,3sLkhSV9LfW8qjGK0c7WnT,https://open.spotify.com/track/3sLkhSV9LfW8qjGK0c7WnT,Nuvve Nuvve,6cYYhBXFQlwaD1mqQv9x0W,2002-09-10,272091,False,47,2025-09-20T12:01:36Z
108,Hariharan,2NoJ7NuNs9nyj8Thoh1kbu,Kannullo Nee Roopame,7jbNMW04ju92tfMsSwIJyi,https://open.spotify.com/track/7jbNMW04ju92tfMsSwIJyi,Ninne Pelladatha,541GRaOEn6UBptC1WlX8E1,1996-12-31,321000,False,56,2025-09-20T12:01:29Z
109,S. P. Balasubrahmanyam,2ae6PxICSOZHvjqiCcgon8,Jaamurathiri,3dgyYMieHT1BDCnEwzQPp1,https://open.spotify.com/track/3dgyYMieHT1BDCnEwzQPp1,Kshana Kshanam,1mC7SNC820vHVt6qUCIqXi,2014-08-01,301557,False,0,2025-09-20T12:01:24Z
110,Ramana Gogula,4TkLTkst9LQlJ0zAmXtXmv,Pedhavi Daatani,6OlRtuNOOPFcXdBww7A3Sq,https://open.spotify.com/track/6OlRtuNOOPFcXdBww7A3Sq,Thammudu,0BoUUhoyOBz3lNJH1wl5Dh,1999-07-15,276767,False,59,2025-09-20T12:01:23Z
111,S. P. Balasubrahmanyam,2ae6PxICSOZHvjqiCcgon8,Kannepettaro Kannu Kottaro,13bbD0XFPAvL2GDF1j9VjK,https://open.spotify.com/track/13bbD0XFPAvL2GDF1j9VjK,Hello Brother,6Qyyw58B7iKuVGPY0IRtsp,1994-04-20,281039,False,51,2025-09-20T12:01:22Z
112,"Kousalya, Lalitha, Subhasri, R Prasanna, Sharmila, Jama, R Sulochana, B Padma, R Suchitra, R Mahalakshmi, S N Hemamalini, R Kalpana",4FSlcIzKGG4CHlR9LPNqHx,Anjali Anjali,4VbRCU7Hc0PrRZ2Wj1rr9O,https://open.spotify.com/track/4VbRCU7Hc0PrRZ2Wj1rr9O,Anjali,1l3eTs46ywaeSfTjIlPSUv,1990-07-27,378300,False,42,2025-09-20T12:01:20Z
113,S. P. Balasubrahmanyam,2ae6PxICSOZHvjqiCcgon8,Priyathama,6yT2Z5MMUYK7XevyBWo84O,https://open.spotify.com/track/6yT2Z5MMUYK7XevyBWo84O,Jagadekaveerudu Athiloka Sundari,2boQlWu4auADXaoNiuS34E,1990-05-09,358028,False,55,2025-09-20T12:01:11Z
114,S. P. Balasubrahmanyam,2ae6PxICSOZHvjqiCcgon8,O Prema Na Prema(Male),3VxHdPL8DFhCboxegX2WKa,https://open.spotify.com/track/3VxHdPL8DFhCboxegX2WKa,Chanti-Old,1Q3Y2VLZjPimFwf6LLZM4k,1992-08-10,180558,False,0,2025-09-20T12:01:10Z
115,Hariharan,2NoJ7NuNs9nyj8Thoh1kbu,Nelluri Nerajana,7yPeu0DTn2eWgO2FmHCks0,https://open.spotify.com/track/7yPeu0DTn2eWgO2FmHCks0,Oke Okkadu,1WCAy8NWpdJ0NtzBTtxXvu,1999-11-09,404106,False,54,2025-09-20T12:01:09Z
116,Remo Fernandes,6Bthsls57GgYPQFdrY3eyw,Adi Arabi Kadalandam - Bombay / Soundtrack Version,6BDtczWG8QhZz5RPLpNcgB,https://open.spotify.com/track/6BDtczWG8QhZz5RPLpNcgB,Bombay,50iJYe6QgTwfB7VRzs1yRZ,1994-01-01,316533,False,49,2025-09-20T12:01:07Z
117,Hariharan,2NoJ7NuNs9nyj8Thoh1kbu,Vennelave Vennelave,08Zh9GFP2TKItpgcfRSHUV,https://open.spotify.com/track/08Zh9GFP2TKItpgcfRSHUV,Merupu Kalalu,3DyGSfAWdkNgUA5CbSWPel,1997-12-31,359773,False,55,2025-09-20T12:01:05Z
118,K. S. Chithra,2IUtwMti1OiT3lkW6RubgH,Kannanule - Bombay / Soundtrack Version,5jyHsyGvIxawivb6enu5H3,https://open.spotify.com/track/5jyHsyGvIxawivb6enu5H3,Bombay,50iJYe6QgTwfB7VRzs1yRZ,1994-01-01,355586,False,54,2025-09-20T12:01:03Z
119,S. P. Balasubrahmanyam,2ae6PxICSOZHvjqiCcgon8,Na Cheli Rojave,39RE07kcHln5DjnerRCaKy,https://open.spotify.com/track/39RE07kcHln5DjnerRCaKy,Roja,7AI6F6RpmTlmJ09EOhOUw4,2014-08-01,296472,False,0,2025-09-20T12:01:02Z
120,Unnikrishnan,0mV4UQ0gHg59AAUtg968pX,Poovullo Daagunna,4M8dRVFWKMfh7hPzGCYxra,https://open.spotify.com/track/4M8dRVFWKMfh7hPzGCYxra,Jeans,5CcuoUl0yhFPRLMohxwvIt,1999-10-30,415503,False,53,2025-09-20T12:00:59Z
121,S. P. Balasubrahmanyam,2ae6PxICSOZHvjqiCcgon8,Singarala,6D7qZFYHS3L81jcAfEz0ob,https://open.spotify.com/track/6D7qZFYHS3L81jcAfEz0ob,Dalapathi,53g6M7ke2tnSuVNy1OwgwJ,1991,328438,False,55,2025-09-20T12:00:58Z
122,S. P. Balasubrahmanyam,2ae6PxICSOZHvjqiCcgon8,Abbanee,1fJDaMZnbiXG4e8MsFhSDp,https://open.spotify.com/track/1fJDaMZnbiXG4e8MsFhSDp,Jagadekaveerudu Athiloka Sundari,2boQlWu4auADXaoNiuS34E,1990-05-09,293942,False,55,2025-09-20T12:00:56Z
123,S.V.Krishna Reddy,6lbIfNTi7YjJwrlu2R9j6m,"Chinuku Chinuku Andelatho - From ""Subhalagnam""",5NSXAVJqe7Zh66PlRhgRvw,https://open.spotify.com/track/5NSXAVJqe7Zh66PlRhgRvw,"Chinuku Chinuku Andelatho (From ""Subhalagnam"")",2ACsn6oxKAx8E3SDZOfjE3,1994,229000,False,54,2025-09-20T12:00:55Z
124,Thaman S,2FgHPfRprDaylrSRVf1UlN,"Oh My Baby (From ""Guntur Kaaram"")(Telugu)",0yR49HoYJsJ27ey9rrtKql,https://open.spotify.com/track/0yR49HoYJsJ27ey9rrtKql,"Oh My Baby (From ""Guntur Kaaram"")(Telugu)",3dzlHbXUELpZY6I6pCYnar,2023-12-11,156497,False,61,2025-09-20T12:00:32Z
125,GowraHari,1GEwRtJ6snJ0z2hzmXAG80,"Poolamme Pilla (From ""HanuMan"") [Telugu]",4ooaLueG56Bsq44TUNRgAn,https://open.spotify.com/track/4ooaLueG56Bsq44TUNRgAn,"Poolamme Pilla (From ""HanuMan"") [Telugu]",0BV1m2cWIBUmFpO3DhkvJN,2024-01-29,267682,False,64,2025-09-20T12:00:31Z
126,Anirudh Ravichander,4zCH9qm4R2DADamUHMCa6O,"Devara Thandavam (From ""Devara Part 1"")",6oNYUEGuQdpwwj0xWnzSP5,https://open.spotify.com/track/6oNYUEGuQdpwwj0xWnzSP5,"Devara Thandavam (From ""Devara Part 1"")",2YYDheNxSwR6Zgtnj7YhB4,2024-11-07,138190,False,60,2025-09-20T12:00:28Z
127,Haricharan,1QvyquqkuuwUzdszyoKIy4,Manasa,3YB09zhSWO8mmESr8NUV0n,https://open.spotify.com/track/3YB09zhSWO8mmESr8NUV0n,Munna,27BTxRdW8WZ9Hv1yFRHTED,2007-05-07,349653,False,64,2025-09-20T12:00:26Z
128,Sunny M.R.,4bOqW6xGi7n9315ErmJ2Um,Anuvanuvuu,0kNe3kmRFq7eKVlL15h7nb,https://open.spotify.com/track/0kNe3kmRFq7eKVlL15h7nb,Om Bheem Bush,5Bf9d0EGx9J7m0xHA9Q3Tr,2024-03-26,211670,False,65,2025-09-20T12:00:22Z
129,Bheems Ceciroleo,0L5f9aJIaxQXTipZ7uQYiC,"Swathi Reddy (From ""Mad Square"")",4LitAOz0wo4rmVI6sstajG,https://open.spotify.com/track/4LitAOz0wo4rmVI6sstajG,"Swathi Reddy (From ""Mad Square"")",6Nc85QdkWlxzfEMNL1R15A,2024-12-28,209369,False,65,2025-09-20T12:00:21Z
130,G. V. Prakash,5VVN3xZw1i2qihfITZlvCZ,"Adhi Dha Surprisu (From ""Robinhood"")",1g8IC4Ks0OldTvWw5NpFHG,https://open.spotify.com/track/1g8IC4Ks0OldTvWw5NpFHG,"Adhi Dha Surprisu (From ""Robinhood"")",0xuRXbsij9sk8c3IQEtZA7,2025-03-10,229458,False,66,2025-09-20T12:00:19Z
131,Ramu Rathod,3rBCIwmTIyxNRnVYSl9hGv,RANU BOMBAI KI RANU,4CMs30Udn5tShfPyF7gYvD,https://open.spotify.com/track/4CMs30Udn5tShfPyF7gYvD,RANU BOMBAI KI RANU,020Uee4xX9W3N5jKsAukX5,2025-01-23,256665,False,66,2025-09-20T12:00:18Z
132,Vishal Mishra,5wJ1H6ud777odtZl5gG507,Evarevaro,0ljjmkJocnhXzP62JYNW8p,https://open.spotify.com/track/0ljjmkJocnhXzP62JYNW8p,ANIMAL (TELUGU),5t9GkWCQGb0ejyH3c8zF1P,2023-11-24,250329,False,65,2025-09-20T12:00:16Z
133,Shekar Chandra,5ds7YHzRIeaGrAKGPR62fA,"Gumma (From ""Ambajipeta Marriage Band"")",30CBQmKZ0fugbhs7ExGT1e,https://open.spotify.com/track/30CBQmKZ0fugbhs7ExGT1e,"Gumma (From ""Ambajipeta Marriage Band"")",3UtsdAsNLgSakD8UYYXf4o,2023-10-30,230866,False,66,2025-09-20T12:00:14Z
134,Thaman S,2FgHPfRprDaylrSRVf1UlN,"Dabidi Dibidi (From ""Daaku Maharaaj"")",67V0RZx812gG2GQjOA4vPD,https://open.spotify.com/track/67V0RZx812gG2GQjOA4vPD,"Dabidi Dibidi (From ""Daaku Maharaaj"")",2i9vfuJlSNoVVaSHTu2dnC,2025-01-02,241507,False,68,2025-09-20T12:00:12Z
135,Shreya Ghoshal,0oOet2f43PA68X5RxKobEy,"Sooseki (From ""Pushpa 2 The Rule"") [TELUGU]",2gKNWPBrI2IRBl2RRUtoEb,https://open.spotify.com/track/2gKNWPBrI2IRBl2RRUtoEb,"Sooseki (From ""Pushpa 2 The Rule"") [TELUGU]",7gzl2DEz4LGnwM1qr5UIP5,2024-05-29,260177,False,65,2025-09-20T12:00:10Z
136,Raghav Chaitanya,3qpyErDI4i90q5EGgSRmNK,Ammayi,4kVsV4GhcNpHSDs6siioM0,https://open.spotify.com/track/4kVsV4GhcNpHSDs6siioM0,ANIMAL (TELUGU),5t9GkWCQGb0ejyH3c8zF1P,2023-11-24,275439,False,63,2025-09-20T12:00:09Z
137,Shilpa Rao,19LIHDDSHBD5NyYHI3gpzB,"Chuttamalle (From ""Devara Part 1"")",1bxzr3JK05fMTcweGAZUHp,https://open.spotify.com/track/1bxzr3JK05fMTcweGAZUHp,"Chuttamalle (From ""Devara Part 1"")",77bk7awXNSGEQkZTcTp2Gj,2024-08-05,222063,False,73,2025-09-20T12:00:08Z
138,Ramana Gogula,4TkLTkst9LQlJ0zAmXtXmv,"Godari Gattu Meedha (From ""Sankranthiki Vasthunam"")",0ibgjKZZ56aoelJ76o7OW9,https://open.spotify.com/track/0ibgjKZZ56aoelJ76o7OW9,"Godari Gattu Meedha (From ""Sankranthiki Vasthunam"")",4JN5Q1xZ0rcCTgMHAxsMLq,2024-12-03,250083,False,66,2025-09-20T12:00:07Z
139,Thaman S,2FgHPfRprDaylrSRVf1UlN,"NaaNaa Hyraanaa (From ""Game Changer"") (Telugu)",1vkRcRkNTujACs7wdHRBc3,https://open.spotify.com/track/1vkRcRkNTujACs7wdHRBc3,"NaaNaa Hyraanaa (From ""Game Changer"") (Telugu)",0brWxb6f6ppsOH2RsshQnV,2024-11-28,272908,False,62,2025-09-20T12:00:05Z
140,Mani Sharma,3AMxH9QIPZbK8ND8C9j4Ss,Pileche,1mOCb1w5n62jLGHJqpGL2W,https://open.spotify.com/track/1mOCb1w5n62jLGHJqpGL2W,Khaleja (Original Motion Picture Soundtrack),6U1ZDp9cdKJrgJfoXdrkCu,2010-09-26,340906,False,61,2025-09-20T12:00:03Z
141,Bheems Ceciroleo,0L5f9aJIaxQXTipZ7uQYiC,College Papa,4ZguAeEoNjipSbQFzfDsYI,https://open.spotify.com/track/4ZguAeEoNjipSbQFzfDsYI,MAD,070z9uG6XuIOI49AgwCnCy,2023-10-04,245000,False,62,2025-09-20T12:00:02Z
142,Mamidi Mounika,3Ndbf8EbaxpIzFFEJ2eyBZ,Daripontothundu,3ilUMXzt17n2l4SUAw3jPo,https://open.spotify.com/track/3ilUMXzt17n2l4SUAw3jPo,Daripontothundu,5G7oWezSgXlKjFwA18RSnl,2025-02-18,224299,False,61,2025-09-20T11:59:59Z
143,Mickey J. Meyer,0WiZi3Q419nMpAQEqfBCbk,Thanu,4qhfUpYE22YcimID3qnwUD,https://open.spotify.com/track/4qhfUpYE22YcimID3qnwUD,Hit - 3 (Telugu),2pfP3rRNecoqjlW3rhk0yw,2025-06-09,248752,False,61,2025-09-20T11:59:58Z
144,KK,4fEkbug6kZzzJ8eYX6Kbbp,Avunu Nijam,3CW0qWSqqqDvQWritNm7bC,https://open.spotify.com/track/3CW0qWSqqqDvQWritNm7bC,Athadu,6nlrhHVOHgVohenouAbuje,2005,303796,False,61,2025-09-20T11:59:57Z
145,Kala Bhairava,4tejKImNVmDcORNBuZ1l14,Ayudha Pooja [TELUGU],5Pqv6e52EWyqxeNyFYqDni,https://open.spotify.com/track/5Pqv6e52EWyqxeNyFYqDni,Devara Part 1 [TELUGU],7ixEMlvfmqKqb7yJjB7Chk,2024-09-26,174088,False,67,2025-09-20T11:59:55Z
146,Vijai Bulganin,6umn0ODoYa5UsGpswA99gx,"Premalo (From ""Court"")",02Ck2nLoW3TpgGV6uwvK5Z,https://open.spotify.com/track/02Ck2nLoW3TpgGV6uwvK5Z,"Premalo (From ""Court"")",6YLvtxc4R24hRMgPJ0kYhv,2025-02-14,331489,False,69,2025-09-20T11:59:53Z
147,Devi Sri Prasad,5sSzCxHtgL82pYDvx2QyEU,"Poyiraa Mama (From ""Kuberaa"")",3aC37L4SYKAIftxFmIF3jN,https://open.spotify.com/track/3aC37L4SYKAIftxFmIF3jN,"Poyiraa Mama (From ""Kuberaa"")",3u23fhzYLQjwWg4VQEk6Y8,2025-04-20,243290,False,62,2025-09-20T11:59:51Z
148,S. P. Balasubrahmanyam,2ae6PxICSOZHvjqiCcgon8,Netho Cheppana,5RfNlQ6GrTWmAXpmUUhDzF,https://open.spotify.com/track/5RfNlQ6GrTWmAXpmUUhDzF,Athadu,6nlrhHVOHgVohenouAbuje,2005,271964,False,62,2025-09-20T11:59:49Z
149,Sinjith Yerramilli,30p5WaPxeojOvFem2XwJtd,"Rajagadiki (From ""Little Hearts"")",2ddkAoAafmEv0UocWgf2CQ,https://open.spotify.com/track/2ddkAoAafmEv0UocWgf2CQ,"Rajagadiki (From ""Little Hearts"")",5NwUl6AbvdKV0hJ53135kD,2025-08-07,203273,False,55,2025-09-20T11:59:47Z
150,Sid Sriram,7qjJw7ZM2ekDSahLXPjIlN,"Mallika Gandha (From ""Telusu Kada"")",1xiqTTENpd5SVPhWe4Mha0,https://open.spotify.com/track/1xiqTTENpd5SVPhWe4Mha0,"Mallika Gandha (From ""Telusu Kada"")",6Gm0qQ2kYWsGfaaYaV69hP,2025-07-28,261133,False,66,2025-09-20T11:59:45Z
151,Mickey J. Meyer,0WiZi3Q419nMpAQEqfBCbk,"Prema Velluva (From ""Hit - 3"") (Telugu)",0iLgVMCi8KCTF9e6QbKvSl,https://open.spotify.com/track/0iLgVMCi8KCTF9e6QbKvSl,"Prema Velluva (From ""Hit - 3"") (Telugu)",16RtrmpjjZwfRBdSlAebTG,2025-03-24,252000,False,67,2025-09-20T11:59:44Z
152,Devi Sri Prasad,5sSzCxHtgL82pYDvx2QyEU,"Viral Vayyari ( From ""Junior"")",6cd9eJFXIl72tDwLguJxSp,https://open.spotify.com/track/6cd9eJFXIl72tDwLguJxSp,"Viral Vayyari ( From ""Junior"")",7CklTvDTIaM5UBWBM986GU,2025-07-04,264867,False,71,2025-09-20T11:59:42Z
153,Vijai Bulganin,6umn0ODoYa5UsGpswA99gx,Koyila,7qi2RGLDPwx2aXfknysYLw,https://open.spotify.com/track/7qi2RGLDPwx2aXfknysYLw,Koyila,1H0CDlteGaiXgj4ReSka7Z,2025-05-23,232666,False,66,2025-09-20T11:59:40Z
154,Sinjith Yerramilli,30p5WaPxeojOvFem2XwJtd,Khathyayani,2mbJs7Lst8tAyJ3DIkfLiI,https://open.spotify.com/track/2mbJs7Lst8tAyJ3DIkfLiI,Little Hearts,3VEcAymSMNCgrQsXxxSaWp,2025-08-07,164000,False,54,2025-09-20T11:59:38Z
155,Thaman S,2FgHPfRprDaylrSRVf1UlN,"Trance of Omi (From ""They Call Him OG"")",3UtQB2Z4sNPBGGV1VkFIzT,https://open.spotify.com/track/3UtQB2Z4sNPBGGV1VkFIzT,"Trance of Omi (From ""They Call Him OG"")",1H15UAj9xq0lUSeeMy9w1H,2025-09-11,167045,False,62,2025-09-20T11:59:36Z
156,GowraHari,1GEwRtJ6snJ0z2hzmXAG80,"Vibe Undi (From ""Mirai"") [Telugu]",2N4dA1J0EkkXU7mRxtnfKv,https://open.spotify.com/track/2N4dA1J0EkkXU7mRxtnfKv,"Vibe Undi (From ""Mirai"") [Telugu]",36tlIgxlfBUU4tXa7Vo5XX,2025-07-26,202361,False,66,2025-09-20T11:59:35Z
157,Anirudh Ravichander,4zCH9qm4R2DADamUHMCa6O,"Monica (From ""Coolie"") (Telugu)",6ZjyKXvQIwalLNmJo3exz3,https://open.spotify.com/track/6ZjyKXvQIwalLNmJo3exz3,"Monica (From ""Coolie"") (Telugu)",2p84HXHvdYlzh85fUzVM2P,2025-07-11,188505,False,74,2025-09-20T11:59:31Z
158,Harris Jayaraj,29aw5YCdIw2FEXYyAJZI8l,Monna Kanipinchavu,4rc1WGmRJ2CsHXTmrBu3gH,https://open.spotify.com/track/4rc1WGmRJ2CsHXTmrBu3gH,Surya S/o Krishnan (Original Motion Picture Soundtrack),34EFScbYAJkSTujfbtT8gO,2008-10-31,332013,False,61,2025-09-15T11:14:45Z
159,Ram Miriyala,4A2XSc4OJjuPY4l6NjnrDj,Radhika,0S9j9OAG3KjmBg4j9XzFcC,https://open.spotify.com/track/0S9j9OAG3KjmBg4j9XzFcC,Tillu Square,7ujJhfGKy2qKe2OBQqw173,2023-11-27,188648,False,63,2025-09-15T11:14:17Z
160,G. V. Prakash,5VVN3xZw1i2qihfITZlvCZ,"Hey Rangule (From ""Amaran"") (Telugu)",7peNClR7CbF9bDYCmOiy4L,https://open.spotify.com/track/7peNClR7CbF9bDYCmOiy4L,"Hey Rangule (From ""Amaran"") (Telugu)",120PLlSxNHGkpMThOP3dvU,2024-10-04,229833,False,66,2025-09-15T11:13:48Z
161,Thaman S,2FgHPfRprDaylrSRVf1UlN,"Firestorm (From ""They Call Him OG"")",3lLX2Vm99sMD5kuZqnr2T0,https://open.spotify.com/track/3lLX2Vm99sMD5kuZqnr2T0,"Firestorm (From ""They Call Him OG"")",0wGtOzvfuupquwH9tfNSif,2025-08-02,240309,False,74,2025-09-15T11:13:43Z
162,Devi Sri Prasad,5sSzCxHtgL82pYDvx2QyEU,"Bujji Thalli (From ""Thandel"")",5MrLQeEVCWueDR4XejhFNG,https://open.spotify.com/track/5MrLQeEVCWueDR4XejhFNG,"Bujji Thalli (From ""Thandel"")",4a8iv6jApEjx5SuLyEnA2n,2024-11-21,248825,False,68,2025-09-15T11:13:07Z
163,Rela Kumar,62oOhStk8pQGEafnScrUP6,"Jigelu Rani (From ""Rangasthalam"")",5z3JFg0tq7sB4FvLrUubHU,https://open.spotify.com/track/5z3JFg0tq7sB4FvLrUubHU,Chandrabose Film Hits,6HRj58HOFQJ8ixNsYRBsHS,2018-05-30,305377,False,0,2025-08-04T15:51:41Z
